table,column,annotation1,annotation2,cut_anno_1,cut_anno_2,flag
DRGCODES,hadm_id,https://biomedit.ch/rdf/sphn-schema/sphn#AdministrativeCase,https://biomedit.ch/rdf/sphn-schema/sphn#AdministrativeCase,biomedit.ch/rdf/sphn-schema/sphn#AdministrativeCase,biomedit.ch/rdf/sphn-schema/sphn#AdministrativeCase,TRUE
DRGCODES,drg_type,https://biomedit.ch/rdf/sphn-schema/sphn#hasTypeCode,https://biomedit.ch/rdf/sphn-schema/sphn#Diagnosis,biomedit.ch/rdf/sphn-schema/sphn#hasTypeCode,biomedit.ch/rdf/sphn-schema/sphn#Diagnosis,FALSE
DRGCODES,drg_code,https://biomedit.ch/rdf/sphn-schema/sphn#hasCode,https://biomedit.ch/rdf/sphn-schema/sphn#hasCode,biomedit.ch/rdf/sphn-schema/sphn#hasCode,biomedit.ch/rdf/sphn-schema/sphn#hasCode,TRUE
DRGCODES,description,https://biomedit.ch/rdf/sphn-schema/sphn#hasDescription,https://biomedit.ch/rdf/sphn-schema/sphn#hasDescription,biomedit.ch/rdf/sphn-schema/sphn#hasDescription,biomedit.ch/rdf/sphn-schema/sphn#hasDescription,TRUE
DRGCODES,drg_severity,https://biomedit.ch/rdf/sphn-schema/sphn#hasSeverityCode,https://biomedit.ch/rdf/sphn-schema/sphn#hasSeverityCode,biomedit.ch/rdf/sphn-schema/sphn#hasSeverityCode,biomedit.ch/rdf/sphn-schema/sphn#hasSeverityCode,TRUE
DRGCODES,drg_mortality,https://biomedit.ch/rdf/sphn-schema/sphn#hasCode,?,biomedit.ch/rdf/sphn-schema/sphn#hasCode,?,FALSE
DIAGNOSIS_ICD,hadm_id,https://biomedit.ch/rdf/sphn-schema/sphn#AdministrativeCase,https://biomedit.ch/rdf/sphn-schema/sphn#AdministrativeCase,biomedit.ch/rdf/sphn-schema/sphn#AdministrativeCase,biomedit.ch/rdf/sphn-schema/sphn#AdministrativeCase,TRUE
DIAGNOSIS_ICD,seq_num,https://biomedit.ch/rdf/sphn-schema/sphn#hasNumericalReference,?,biomedit.ch/rdf/sphn-schema/sphn#hasNumericalReference,?,FALSE
DIAGNOSIS_ICD,icd9_code,https://biomedit.ch/rdf/sphn-schema/sphn#hasCode,https://biomedit.ch/rdf/sphn-schema/sphn#hasCode,biomedit.ch/rdf/sphn-schema/sphn#hasCode,biomedit.ch/rdf/sphn-schema/sphn#hasCode,TRUE
CPT_EVENTS,subject_id,https://biomedit.ch/rdf/sphn-schema/sphn#hasIdentifier,https://biomedit.ch/rdf/sphn-schema/sphn#hasIdentifier,biomedit.ch/rdf/sphn-schema/sphn#hasIdentifier,biomedit.ch/rdf/sphn-schema/sphn#hasIdentifier,TRUE
CPT_EVENTS,hadm_id,https://biomedit.ch/rdf/sphn-schema/sphn#AdministrativeCase,https://biomedit.ch/rdf/sphn-schema/sphn#AdministrativeCase,biomedit.ch/rdf/sphn-schema/sphn#AdministrativeCase,biomedit.ch/rdf/sphn-schema/sphn#AdministrativeCase,TRUE
CPT_EVENTS,costcenter,,?,,?,FALSE
CPT_EVENTS,chartdate,https://biomedit.ch/rdf/sphn-schema/sphn#hasDate,https://biomedit.ch/rdf/sphn-schema/sphn#hasDate,biomedit.ch/rdf/sphn-schema/sphn#hasDate,biomedit.ch/rdf/sphn-schema/sphn#hasDate,TRUE
CPT_EVENTS,cpt_cd,https://biomedit.ch/rdf/sphn-schema/sphn#hasCode,https://biomedit.ch/rdf/sphn-schema/sphn#hasCode,biomedit.ch/rdf/sphn-schema/sphn#hasCode,biomedit.ch/rdf/sphn-schema/sphn#hasCode,TRUE
CPT_EVENTS,cpt_number,https://biomedit.ch/rdf/sphn-schema/sphn#hasNumericalReference,https://biomedit.ch/rdf/sphn-schema/sphn#hasNumericalReference,biomedit.ch/rdf/sphn-schema/sphn#hasNumericalReference,biomedit.ch/rdf/sphn-schema/sphn#hasNumericalReference,TRUE
CPT_EVENTS,cpt_suffix,,https://biomedit.ch/rdf/sphn-schema/sphn#hasCategory,,biomedit.ch/rdf/sphn-schema/sphn#hasCategory,FALSE
CPT_EVENTS,ticket_id_seq,https://biomedit.ch/rdf/sphn-schema/sphn#hasIdentifier,https://biomedit.ch/rdf/sphn-schema/sphn#hasNumericalReference,biomedit.ch/rdf/sphn-schema/sphn#hasIdentifier,biomedit.ch/rdf/sphn-schema/sphn#hasNumericalReference,FALSE
CPT_EVENTS,sectionheader,,https://biomedit.ch/rdf/sphn-schema/sphn#TherapeuticArea_specialtyName,,biomedit.ch/rdf/sphn-schema/sphn#TherapeuticArea_specialtyName,FALSE
CPT_EVENTS,subsectionheader,,?,,?,FALSE
CPT_EVENTS,description,https://biomedit.ch/rdf/sphn-schema/sphn#hasDescription,https://biomedit.ch/rdf/sphn-schema/sphn#hasDescription,biomedit.ch/rdf/sphn-schema/sphn#hasDescription,biomedit.ch/rdf/sphn-schema/sphn#hasDescription,TRUE
DATETIMEEVENTS,hadm_id,https://biomedit.ch/rdf/sphn-schema/sphn#AdministrativeCase,https://biomedit.ch/rdf/sphn-schema/sphn#AdministrativeCase,biomedit.ch/rdf/sphn-schema/sphn#AdministrativeCase,biomedit.ch/rdf/sphn-schema/sphn#AdministrativeCase,TRUE
DATETIMEEVENTS,icustay_id,https://biomedit.ch/rdf/sphn-schema/sphn#hasIdentifier,https://biomedit.ch/rdf/sphn-schema/sphn#hasIdentifier,biomedit.ch/rdf/sphn-schema/sphn#hasIdentifier,biomedit.ch/rdf/sphn-schema/sphn#hasIdentifier,TRUE
DATETIMEEVENTS,itemid,https://biomedit.ch/rdf/sphn-schema/sphn#hasIdentifier,https://biomedit.ch/rdf/sphn-schema/sphn#hasIdentifier,biomedit.ch/rdf/sphn-schema/sphn#hasIdentifier,biomedit.ch/rdf/sphn-schema/sphn#hasIdentifier,TRUE
DATETIMEEVENTS,charttime,https://biomedit.ch/rdf/sphn-schema/sphn#hasRecordDateTime,https://biomedit.ch/rdf/sphn-schema/sphn#hasDateTime,biomedit.ch/rdf/sphn-schema/sphn#hasRecordDateTime,biomedit.ch/rdf/sphn-schema/sphn#hasDateTime,FALSE
DATETIMEEVENTS,storetime,https://biomedit.ch/rdf/sphn-schema/sphn#hasDateTime,https://biomedit.ch/rdf/sphn-schema/sphn#hasRecordDateTime,biomedit.ch/rdf/sphn-schema/sphn#hasDateTime,biomedit.ch/rdf/sphn-schema/sphn#hasRecordDateTime,FALSE
DATETIMEEVENTS,cgid,https://biomedit.ch/rdf/sphn-schema/sphn#hasIdentifier,https://biomedit.ch/rdf/sphn-schema/sphn#hasIdentifier,biomedit.ch/rdf/sphn-schema/sphn#hasIdentifier,biomedit.ch/rdf/sphn-schema/sphn#hasIdentifier,TRUE
DATETIMEEVENTS,value,https://biomedit.ch/rdf/sphn-schema/sphn#hasValue,https://biomedit.ch/rdf/sphn-schema/sphn#hasStringValue,biomedit.ch/rdf/sphn-schema/sphn#hasValue,biomedit.ch/rdf/sphn-schema/sphn#hasStringValue,FALSE
DATETIMEEVENTS,valueuom,https://biomedit.ch/rdf/sphn-schema/sphn#hasValue,https://biomedit.ch/rdf/sphn-schema/sphn#hasUnit,biomedit.ch/rdf/sphn-schema/sphn#hasValue,biomedit.ch/rdf/sphn-schema/sphn#hasUnit,FALSE
DATETIMEEVENTS,warning,,?,,?,FALSE
DATETIMEEVENTS,error,,?,,?,FALSE
DATETIMEEVENTS,resultstatus,https://biomedit.ch/rdf/sphn-schema/sphn#hasStatusCode,https://biomedit.ch/rdf/sphn-schema/sphn#LabResult,biomedit.ch/rdf/sphn-schema/sphn#hasStatusCode,biomedit.ch/rdf/sphn-schema/sphn#LabResult,FALSE
DATETIMEEVENTS,stopped,,?,,?,FALSE
CAREGIVERS,cgid,https://biomedit.ch/rdf/sphn-schema/sphn#hasIdentifier,https://biomedit.ch/rdf/sphn-schema/sphn#hasIdentifier,biomedit.ch/rdf/sphn-schema/sphn#hasIdentifier,biomedit.ch/rdf/sphn-schema/sphn#hasIdentifier,TRUE
CAREGIVERS,label,,http://purl.org/dc/elements/1.1/title,,http://purl.org/dc/elements/1.1/title,FALSE
CAREGIVERS,description,https://biomedit.ch/rdf/sphn-schema/sphn#hasDescription,https://biomedit.ch/rdf/sphn-schema/sphn#hasDescription,biomedit.ch/rdf/sphn-schema/sphn#hasDescription,biomedit.ch/rdf/sphn-schema/sphn#hasDescription,TRUE
CALL_OUT,hadm_id,https://biomedit.ch/rdf/sphn-schema/sphn#AdministrativeCase,https://biomedit.ch/rdf/sphn-schema/sphn#AdministrativeCase,biomedit.ch/rdf/sphn-schema/sphn#AdministrativeCase,biomedit.ch/rdf/sphn-schema/sphn#AdministrativeCase,TRUE
CALL_OUT,submit_wardid,https://biomedit.ch/rdf/sphn-schema/sphn#hasIdentifier,https://biomedit.ch/rdf/sphn-schema/sphn#hasIdentifier,biomedit.ch/rdf/sphn-schema/sphn#hasIdentifier,biomedit.ch/rdf/sphn-schema/sphn#hasIdentifier,TRUE
CALL_OUT,submit_careunit,https://biomedit.ch/rdf/sphn-schema/sphn#hasUnit,https://biomedit.ch/rdf/sphn-schema/sphn#TherapeuticArea_specialtyName,biomedit.ch/rdf/sphn-schema/sphn#hasUnit,biomedit.ch/rdf/sphn-schema/sphn#TherapeuticArea_specialtyName,FALSE
CALL_OUT,curr_wardid,https://biomedit.ch/rdf/sphn-schema/sphn#hasIdentifier,https://biomedit.ch/rdf/sphn-schema/sphn#hasIdentifier,biomedit.ch/rdf/sphn-schema/sphn#hasIdentifier,biomedit.ch/rdf/sphn-schema/sphn#hasIdentifier,TRUE
CALL_OUT,curr_careunit,https://biomedit.ch/rdf/sphn-schema/sphn#hasIdentifier,,biomedit.ch/rdf/sphn-schema/sphn#hasIdentifier,,FALSE
CALL_OUT,callout_wardid,https://biomedit.ch/rdf/sphn-schema/sphn#hasIdentifier,https://biomedit.ch/rdf/sphn-schema/sphn#hasIdentifier,biomedit.ch/rdf/sphn-schema/sphn#hasIdentifier,biomedit.ch/rdf/sphn-schema/sphn#hasIdentifier,TRUE
CALL_OUT,callout_service,https://biomedit.ch/rdf/sphn-schema/sphn#hasDateTime,?,biomedit.ch/rdf/sphn-schema/sphn#hasDateTime,?,FALSE
CALL_OUT,request_tele,,?,,?,FALSE
CALL_OUT,request_resp,,?,,?,FALSE
CALL_OUT,request_cdiff,,?,,?,FALSE
CALL_OUT,request_mrsa,,?,,?,FALSE
CALL_OUT,request_vre,,?,,?,FALSE
CALL_OUT,callout_status,https://biomedit.ch/rdf/sphn-schema/sphn#hasStatusCode,?,biomedit.ch/rdf/sphn-schema/sphn#hasStatusCode,?,FALSE
CALL_OUT,callout_outcome,https://biomedit.ch/rdf/sphn-schema/sphn#hasOutcome,"https://biomedit.ch/rdf/sphn-schema/sphn#Result
",biomedit.ch/rdf/sphn-schema/sphn#hasOutcome,"biomedit.ch/rdf/sphn-schema/sphn#Result
",FALSE
CALL_OUT,discharge_wardid,https://biomedit.ch/rdf/sphn-schema/sphn#hasIdentifier,https://biomedit.ch/rdf/sphn-schema/sphn#hasIdentifier,biomedit.ch/rdf/sphn-schema/sphn#hasIdentifier,biomedit.ch/rdf/sphn-schema/sphn#hasIdentifier,TRUE
CALL_OUT,acknowledge_status,https://biomedit.ch/rdf/sphn-schema/sphn#hasStatusCode,?,biomedit.ch/rdf/sphn-schema/sphn#hasStatusCode,?,FALSE
CALL_OUT,createtime,https://biomedit.ch/rdf/sphn-schema/sphn#hasCreationDateTime,https://biomedit.ch/rdf/sphn-schema/sphn#hasDateTime,biomedit.ch/rdf/sphn-schema/sphn#hasCreationDateTime,biomedit.ch/rdf/sphn-schema/sphn#hasDateTime,FALSE
CALL_OUT,updatetime,https://biomedit.ch/rdf/sphn-schema/sphn#hasDateTime,https://biomedit.ch/rdf/sphn-schema/sphn#hasDateTime,biomedit.ch/rdf/sphn-schema/sphn#hasDateTime,biomedit.ch/rdf/sphn-schema/sphn#hasDateTime,TRUE
CALL_OUT,acknowledgetime,https://biomedit.ch/rdf/sphn-schema/sphn#hasDateTime,https://biomedit.ch/rdf/sphn-schema/sphn#hasDateTime,biomedit.ch/rdf/sphn-schema/sphn#hasDateTime,biomedit.ch/rdf/sphn-schema/sphn#hasDateTime,TRUE
CALL_OUT,outcometime,https://biomedit.ch/rdf/sphn-schema/sphn#hasDateTime,https://biomedit.ch/rdf/sphn-schema/sphn#hasDateTime,biomedit.ch/rdf/sphn-schema/sphn#hasDateTime,biomedit.ch/rdf/sphn-schema/sphn#hasDateTime,TRUE
CALL_OUT,firstreservationtime,https://biomedit.ch/rdf/sphn-schema/sphn#hasDateTime,https://biomedit.ch/rdf/sphn-schema/sphn#hasDateTime,biomedit.ch/rdf/sphn-schema/sphn#hasDateTime,biomedit.ch/rdf/sphn-schema/sphn#hasDateTime,TRUE
CALL_OUT,currentreservationtime,https://biomedit.ch/rdf/sphn-schema/sphn#hasDateTime,https://biomedit.ch/rdf/sphn-schema/sphn#hasDateTime,biomedit.ch/rdf/sphn-schema/sphn#hasDateTime,biomedit.ch/rdf/sphn-schema/sphn#hasDateTime,TRUE
CHARTEVENT,hadm_id,https://biomedit.ch/rdf/sphn-schema/sphn#AdministrativeCase,https://biomedit.ch/rdf/sphn-schema/sphn#AdministrativeCase,biomedit.ch/rdf/sphn-schema/sphn#AdministrativeCase,biomedit.ch/rdf/sphn-schema/sphn#AdministrativeCase,TRUE
CHARTEVENT,icustay_id,https://biomedit.ch/rdf/sphn-schema/sphn#hasIdentifier,https://biomedit.ch/rdf/sphn-schema/sphn#AdministrativeCase,biomedit.ch/rdf/sphn-schema/sphn#hasIdentifier,biomedit.ch/rdf/sphn-schema/sphn#AdministrativeCase,FALSE
CHARTEVENT,itemid,https://biomedit.ch/rdf/sphn-schema/sphn#hasIdentifier,https://biomedit.ch/rdf/sphn-schema/sphn#AdministrativeCase,biomedit.ch/rdf/sphn-schema/sphn#hasIdentifier,biomedit.ch/rdf/sphn-schema/sphn#AdministrativeCase,FALSE
CHARTEVENT,charttime,https://biomedit.ch/rdf/sphn-schema/sphn#hasDateTime,https://biomedit.ch/rdf/sphn-schema/sphn#hasDateTime,biomedit.ch/rdf/sphn-schema/sphn#hasDateTime,biomedit.ch/rdf/sphn-schema/sphn#hasDateTime,TRUE
CHARTEVENT,storetime,https://biomedit.ch/rdf/sphn-schema/sphn#hasDateTime,https://biomedit.ch/rdf/sphn-schema/sphn#hasRecordDateTime,biomedit.ch/rdf/sphn-schema/sphn#hasDateTime,biomedit.ch/rdf/sphn-schema/sphn#hasRecordDateTime,FALSE
CHARTEVENT,cgid,https://biomedit.ch/rdf/sphn-schema/sphn#hasIdentifier,https://biomedit.ch/rdf/sphn-schema/sphn#AdministrativeCase,biomedit.ch/rdf/sphn-schema/sphn#hasIdentifier,biomedit.ch/rdf/sphn-schema/sphn#AdministrativeCase,FALSE
CHARTEVENT,value,https://biomedit.ch/rdf/sphn-schema/sphn#hasValue,https://biomedit.ch/rdf/sphn-schema/sphn#hasStringValue,biomedit.ch/rdf/sphn-schema/sphn#hasValue,biomedit.ch/rdf/sphn-schema/sphn#hasStringValue,FALSE
CHARTEVENT,valuenum,https://biomedit.ch/rdf/sphn-schema/sphn#hasValue,https://biomedit.ch/rdf/sphn-schema/sphn#hasNumericalReference,biomedit.ch/rdf/sphn-schema/sphn#hasValue,biomedit.ch/rdf/sphn-schema/sphn#hasNumericalReference,FALSE
CHARTEVENT,valueuom,https://biomedit.ch/rdf/sphn-schema/sphn#hasValue,https://biomedit.ch/rdf/sphn-schema/sphn#hasUnit,biomedit.ch/rdf/sphn-schema/sphn#hasValue,biomedit.ch/rdf/sphn-schema/sphn#hasUnit,FALSE
CHARTEVENT,warning,,?,,?,FALSE
CHARTEVENT,error,,?,,?,FALSE
CHARTEVENT,resultstatus,https://biomedit.ch/rdf/sphn-schema/sphn#hasStatusCode,https://biomedit.ch/rdf/sphn-schema/sphn#LabResult,biomedit.ch/rdf/sphn-schema/sphn#hasStatusCode,biomedit.ch/rdf/sphn-schema/sphn#LabResult,FALSE
CHARTEVENT,stopped,,?,,?,FALSE
D_CPT,ROW_ID,https://biomedit.ch/rdf/sphn-schema/sphn#hasIdentifier,https://www.biomedit.ch/rdf/sphn-schema/sphn#hasIdentifier,biomedit.ch/rdf/sphn-schema/sphn#hasIdentifier,biomedit.ch/rdf/sphn-schema/sphn#hasIdentifier,TRUE
D_CPT,CATEGORY,https://biomedit.ch/rdf/sphn-schema/sphn#hasCategory,https://www.biomedit.ch/rdf/sphn-schema/sphn#hasCategory,biomedit.ch/rdf/sphn-schema/sphn#hasCategory,biomedit.ch/rdf/sphn-schema/sphn#hasCategory,TRUE
D_CPT,SECTIONRANGE,https://biomedit.ch/rdf/sphn-schema/sphn#hasCode,https://www.biomedit.ch/rdf/sphn-schema/sphn#ReferenceRange,biomedit.ch/rdf/sphn-schema/sphn#hasCode,biomedit.ch/rdf/sphn-schema/sphn#ReferenceRange,FALSE
D_CPT,sectionheader,https://biomedit.ch/rdf/sphn-schema/sphn#TherapeuticArea_specialtyName,https://www.biomedit.ch/rdf/sphn-schema/sphn#title,biomedit.ch/rdf/sphn-schema/sphn#TherapeuticArea_specialtyName,biomedit.ch/rdf/sphn-schema/sphn#title,FALSE
D_CPT,SUBSECTIONRANGE,https://biomedit.ch/rdf/sphn-schema/sphn#hasCode,https://www.biomedit.ch/rdf/sphn-schema/sphn#ReferenceRange,biomedit.ch/rdf/sphn-schema/sphn#hasCode,biomedit.ch/rdf/sphn-schema/sphn#ReferenceRange,FALSE
D_CPT,subsectionheader,?,https://www.biomedit.ch/rdf/sphn-schema/sphn#title,?,biomedit.ch/rdf/sphn-schema/sphn#title,FALSE
D_CPT,CODESUFFIX,?,https://www.biomedit.ch/rdf/sphn-schema/sphn#hasCode,?,biomedit.ch/rdf/sphn-schema/sphn#hasCode,FALSE
D_CPT,MINCODEINSUBSECTION,?,https://www.biomedit.ch/rdf/sphn-schema/sphn#hasCode,?,biomedit.ch/rdf/sphn-schema/sphn#hasCode,FALSE
D_CPT,MAXCODEINSUBSECTION,?,https://www.biomedit.ch/rdf/sphn-schema/sphn#hasCode,?,biomedit.ch/rdf/sphn-schema/sphn#hasCode,FALSE
D_ICD_DIAGNOSES,ROW_ID,https://biomedit.ch/rdf/sphn-schema/sphn#hasIdentifier,https://www.biomedit.ch/rdf/sphn-schema/sphn#hasIdentifier,biomedit.ch/rdf/sphn-schema/sphn#hasIdentifier,biomedit.ch/rdf/sphn-schema/sphn#hasIdentifier,TRUE
D_ICD_DIAGNOSES,ICD9_CODE,?,https://www.biomedit.ch/rdf/sphn-schema/sphn#hasCode,?,biomedit.ch/rdf/sphn-schema/sphn#hasCode,FALSE
D_ICD_DIAGNOSES,SHORT_TITLE,?,https://www.biomedit.ch/rdf/sphn-schema/sphn#title,?,biomedit.ch/rdf/sphn-schema/sphn#title,FALSE
D_ICD_DIAGNOSES,long_title,https://www.biomedit.ch/rdf/sphn-schema/sphn#Diagnosis,https://www.biomedit.ch/rdf/sphn-schema/sphn#title,biomedit.ch/rdf/sphn-schema/sphn#Diagnosis,biomedit.ch/rdf/sphn-schema/sphn#title,FALSE
D_ICD_PROCEDURES,ROW_ID,https://biomedit.ch/rdf/sphn-schema/sphn#hasIdentifier,https://www.biomedit.ch/rdf/sphn-schema/sphn#hasIdentifier,biomedit.ch/rdf/sphn-schema/sphn#hasIdentifier,biomedit.ch/rdf/sphn-schema/sphn#hasIdentifier,TRUE
D_ICD_PROCEDURES,ICD9_CODE,?,https://www.biomedit.ch/rdf/sphn-schema/sphn#hasCode,?,biomedit.ch/rdf/sphn-schema/sphn#hasCode,FALSE
D_ICD_PROCEDURES,SHORT_TITLE,?,https://www.biomedit.ch/rdf/sphn-schema/sphn#title,?,biomedit.ch/rdf/sphn-schema/sphn#title,FALSE
D_ICD_PROCEDURES,long_title,https://biomedit.ch/rdf/sphn-schema/sphn#MedicalProcedure,https://www.biomedit.ch/rdf/sphn-schema/sphn#title,biomedit.ch/rdf/sphn-schema/sphn#MedicalProcedure,biomedit.ch/rdf/sphn-schema/sphn#title,FALSE
D_ITEMS,ROW_ID,https://biomedit.ch/rdf/sphn-schema/sphn#hasIdentifier,https://www.biomedit.ch/rdf/sphn-schema/sphn#hasIdentifier,biomedit.ch/rdf/sphn-schema/sphn#hasIdentifier,biomedit.ch/rdf/sphn-schema/sphn#hasIdentifier,TRUE
D_ITEMS,ITEMID,https://biomedit.ch/rdf/sphn-schema/sphn#hasIdentifier,https://www.biomedit.ch/rdf/sphn-schema/sphn#hasIdentifier,biomedit.ch/rdf/sphn-schema/sphn#hasIdentifier,biomedit.ch/rdf/sphn-schema/sphn#hasIdentifier,TRUE
D_ITEMS,LABEL,?,https://www.biomedit.ch/rdf/sphn-schema/sphn#hasName,?,biomedit.ch/rdf/sphn-schema/sphn#hasName,FALSE
D_ITEMS,ABBREVIATION,?,https://www.biomedit.ch/rdf/sphn-schema/sphn#hasName,?,biomedit.ch/rdf/sphn-schema/sphn#hasName,FALSE
D_ITEMS,DBSOURCE,?,https://www.biomedit.ch/rdf/sphn-schema/sphn#hasSourceData,?,biomedit.ch/rdf/sphn-schema/sphn#hasSourceData,FALSE
D_ITEMS,LINKSTO,?,https://www.biomedit.ch/rdf/sphn-schema/sphn#hasReference,?,biomedit.ch/rdf/sphn-schema/sphn#hasReference,FALSE
D_ITEMS,CATEGORY,https://biomedit.ch/rdf/sphn-schema/sphn#hasCategory,https://www.biomedit.ch/rdf/sphn-schema/sphn#hasCategory,biomedit.ch/rdf/sphn-schema/sphn#hasCategory,biomedit.ch/rdf/sphn-schema/sphn#hasCategory,TRUE
D_ITEMS,unitname,https://snomed.info/id/767524001,https://www.biomedit.ch/rdf/sphn-schema/sphn#Unit,snomed.info/id/767524001,biomedit.ch/rdf/sphn-schema/sphn#Unit,FALSE
D_ITEMS,param_type,https://biomedit.ch/rdf/sphn-schema/sphn#SPHNAttributeDatatype,https://www.biomedit.ch/rdf/sphn-schema/sphn#hasTypeCode,biomedit.ch/rdf/sphn-schema/sphn#SPHNAttributeDatatype,biomedit.ch/rdf/sphn-schema/sphn#hasTypeCode,FALSE
D_ITEMS,CONCEPTID,https://biomedit.ch/rdf/sphn-schema/sphn#hasIdentifier,https://www.biomedit.ch/rdf/sphn-schema/sphn#hasIdentifier,biomedit.ch/rdf/sphn-schema/sphn#hasIdentifier,biomedit.ch/rdf/sphn-schema/sphn#hasIdentifier,TRUE
D_LABITEMS,ROW_ID,https://biomedit.ch/rdf/sphn-schema/sphn#hasIdentifier,https://www.biomedit.ch/rdf/sphn-schema/sphn#hasIdentifier,biomedit.ch/rdf/sphn-schema/sphn#hasIdentifier,biomedit.ch/rdf/sphn-schema/sphn#hasIdentifier,TRUE
D_LABITEMS,ITEMID,https://biomedit.ch/rdf/sphn-schema/sphn#hasIdentifier,https://www.biomedit.ch/rdf/sphn-schema/sphn#hasIdentifier,biomedit.ch/rdf/sphn-schema/sphn#hasIdentifier,biomedit.ch/rdf/sphn-schema/sphn#hasIdentifier,TRUE
D_LABITEMS,label,https://biomedit.ch/rdf/sphn-schema/sphn#SPHNConcept,https://www.biomedit.ch/rdf/sphn-schema/sphn#hasName,biomedit.ch/rdf/sphn-schema/sphn#SPHNConcept,biomedit.ch/rdf/sphn-schema/sphn#hasName,FALSE
D_LABITEMS,fluid,?,https://www.biomedit.ch/rdf/sphn-schema/sphn#hasSample,?,biomedit.ch/rdf/sphn-schema/sphn#hasSample,FALSE
D_LABITEMS,category,https://biomedit.ch/rdf/sphn-schema/sphn#hasCategory,https://www.biomedit.ch/rdf/sphn-schema/sphn#hasCategory,biomedit.ch/rdf/sphn-schema/sphn#hasCategory,biomedit.ch/rdf/sphn-schema/sphn#hasCategory,TRUE
D_LABITEMS,LOINC_CODE,?,https://www.biomedit.ch/rdf/sphn-schema/sphn#hasCode,?,biomedit.ch/rdf/sphn-schema/sphn#hasCode,FALSE
ICUSTAYS,ROW_ID,https://biomedit.ch/rdf/sphn-schema/sphn#hasIdentifier,https://www.biomedit.ch/rdf/sphn-schema/sphn#hasIdentifier,biomedit.ch/rdf/sphn-schema/sphn#hasIdentifier,biomedit.ch/rdf/sphn-schema/sphn#hasIdentifier,TRUE
ICUSTAYS,SUBJECT_ID,https://biomedit.ch/rdf/sphn-schema/sphn#hasIdentifier,https://www.biomedit.ch/rdf/sphn-schema/sphn#hasIdentifier,biomedit.ch/rdf/sphn-schema/sphn#hasIdentifier,biomedit.ch/rdf/sphn-schema/sphn#hasIdentifier,TRUE
ICUSTAYS,HADM_ID,https://www.biomedit.ch/rdf/sphn-schema/sphn#AdministrativeCase,https://www.biomedit.ch/rdf/sphn-schema/sphn#AdministrativeCase,biomedit.ch/rdf/sphn-schema/sphn#AdministrativeCase,biomedit.ch/rdf/sphn-schema/sphn#AdministrativeCase,TRUE
ICUSTAYS,ICUSTAY_ID,https://biomedit.ch/rdf/sphn-schema/sphn#hasIdentifier,https://www.biomedit.ch/rdf/sphn-schema/sphn#hasIdentifier,biomedit.ch/rdf/sphn-schema/sphn#hasIdentifier,biomedit.ch/rdf/sphn-schema/sphn#hasIdentifier,TRUE
ICUSTAYS,DBSOURCE,?,https://www.biomedit.ch/rdf/sphn-schema/sphn#hasSourceData,?,biomedit.ch/rdf/sphn-schema/sphn#hasSourceData,FALSE
ICUSTAYS,first_careunit,,https://www.biomedit.ch/rdf/sphn-schema/sphn#hasUnit,,biomedit.ch/rdf/sphn-schema/sphn#hasUnit,FALSE
ICUSTAYS,last_careunit,,https://www.biomedit.ch/rdf/sphn-schema/sphn#hasUnit,,biomedit.ch/rdf/sphn-schema/sphn#hasUnit,FALSE
ICUSTAYS,first_wardid,,https://www.biomedit.ch/rdf/sphn-schema/sphn#hasIdentifier,,biomedit.ch/rdf/sphn-schema/sphn#hasIdentifier,FALSE
ICUSTAYS,last_wardid,,https://www.biomedit.ch/rdf/sphn-schema/sphn#hasIdentifier,,biomedit.ch/rdf/sphn-schema/sphn#hasIdentifier,FALSE
ICUSTAYS,intime,https://biomedit.ch/rdf/sphn-schema/sphn#hasStartDateTime,https://www.biomedit.ch/rdf/sphn-schema/sphn#hasStartDateTime,biomedit.ch/rdf/sphn-schema/sphn#hasStartDateTime,biomedit.ch/rdf/sphn-schema/sphn#hasStartDateTime,TRUE
ICUSTAYS,outtime,https://biomedit.ch/rdf/sphn-schema/sphn#hasEndDateTime,https://www.biomedit.ch/rdf/sphn-schema/sphn#hasEndDateTime,biomedit.ch/rdf/sphn-schema/sphn#hasEndDateTime,biomedit.ch/rdf/sphn-schema/sphn#hasEndDateTime,TRUE
ICUSTAYS,los,?,https://www.biomedit.ch/rdf/sphn-schema/sphn#hasDuration,?,biomedit.ch/rdf/sphn-schema/sphn#hasDuration,FALSE
INPUTEVENTS_CV,ROW_ID,https://biomedit.ch/rdf/sphn-schema/sphn#hasIdentifier,https://www.biomedit.ch/rdf/sphn-schema/sphn#hasIdentifier,biomedit.ch/rdf/sphn-schema/sphn#hasIdentifier,biomedit.ch/rdf/sphn-schema/sphn#hasIdentifier,TRUE
INPUTEVENTS_CV,SUBJECT_ID,https://biomedit.ch/rdf/sphn-schema/sphn#hasIdentifier,https://www.biomedit.ch/rdf/sphn-schema/sphn#hasIdentifier,biomedit.ch/rdf/sphn-schema/sphn#hasIdentifier,biomedit.ch/rdf/sphn-schema/sphn#hasIdentifier,TRUE
INPUTEVENTS_CV,hadm_id,https://biomedit.ch/rdf/sphn-schema/sphn#AdministrativeCase,https://www.biomedit.ch/rdf/sphn-schema/sphn#AdministrativeCase,biomedit.ch/rdf/sphn-schema/sphn#AdministrativeCase,biomedit.ch/rdf/sphn-schema/sphn#AdministrativeCase,TRUE
INPUTEVENTS_CV,ICUSTAY_ID,https://biomedit.ch/rdf/sphn-schema/sphn#hasIdentifier,https://www.biomedit.ch/rdf/sphn-schema/sphn#hasIdentifier,biomedit.ch/rdf/sphn-schema/sphn#hasIdentifier,biomedit.ch/rdf/sphn-schema/sphn#hasIdentifier,TRUE
INPUTEVENTS_CV,charttime,https://biomedit.ch/rdf/sphn-schema/sphn#hasDateTime,https://www.biomedit.ch/rdf/sphn-schema/sphn#hasDateTime,biomedit.ch/rdf/sphn-schema/sphn#hasDateTime,biomedit.ch/rdf/sphn-schema/sphn#hasDateTime,TRUE
INPUTEVENTS_CV,ITEMID,https://biomedit.ch/rdf/sphn-schema/sphn#hasIdentifier,https://www.biomedit.ch/rdf/sphn-schema/sphn#hasIdentifier,biomedit.ch/rdf/sphn-schema/sphn#hasIdentifier,biomedit.ch/rdf/sphn-schema/sphn#hasIdentifier,TRUE
INPUTEVENTS_CV,amount,https://biomedit.ch/rdf/sphn-schema/sphn#ReferenceValue,https://www.biomedit.ch/rdf/sphn-schema/sphn#hasValue,biomedit.ch/rdf/sphn-schema/sphn#ReferenceValue,biomedit.ch/rdf/sphn-schema/sphn#hasValue,FALSE
INPUTEVENTS_CV,amountuom,https://biomedit.ch/rdf/sphn-schema/sphn#hasUnit,https://www.biomedit.ch/rdf/sphn-schema/sphn#hasUnit,biomedit.ch/rdf/sphn-schema/sphn#hasUnit,biomedit.ch/rdf/sphn-schema/sphn#hasUnit,TRUE
INPUTEVENTS_CV,rate,https://biomedit.ch/rdf/sphn-schema/sphn#ReferenceValue,https://www.biomedit.ch/rdf/sphn-schema/sphn#hasValue,biomedit.ch/rdf/sphn-schema/sphn#ReferenceValue,biomedit.ch/rdf/sphn-schema/sphn#hasValue,FALSE
INPUTEVENTS_CV,rateuom,https://biomedit.ch/rdf/sphn-schema/sphn#hasUnit,https://www.biomedit.ch/rdf/sphn-schema/sphn#hasUnit,biomedit.ch/rdf/sphn-schema/sphn#hasUnit,biomedit.ch/rdf/sphn-schema/sphn#hasUnit,TRUE
INPUTEVENTS_CV,storetime,https://biomedit.ch/rdf/sphn-schema/sphn#hasDateTime,https://www.biomedit.ch/rdf/sphn-schema/sphn#hasDateTime,biomedit.ch/rdf/sphn-schema/sphn#hasDateTime,biomedit.ch/rdf/sphn-schema/sphn#hasDateTime,TRUE
INPUTEVENTS_CV,cgid,https://biomedit.ch/rdf/sphn-schema/sphn#hasIdentifier,https://www.biomedit.ch/rdf/sphn-schema/sphn#hasIdentifier,biomedit.ch/rdf/sphn-schema/sphn#hasIdentifier,biomedit.ch/rdf/sphn-schema/sphn#hasIdentifier,TRUE
INPUTEVENTS_CV,ORDERID,https://biomedit.ch/rdf/sphn-schema/sphn#hasIdentifier,https://www.biomedit.ch/rdf/sphn-schema/sphn#hasIdentifier,biomedit.ch/rdf/sphn-schema/sphn#hasIdentifier,biomedit.ch/rdf/sphn-schema/sphn#hasIdentifier,TRUE
INPUTEVENTS_CV,LINKORDERID,https://biomedit.ch/rdf/sphn-schema/sphn#hasIdentifier,https://www.biomedit.ch/rdf/sphn-schema/sphn#hasIdentifier,biomedit.ch/rdf/sphn-schema/sphn#hasIdentifier,biomedit.ch/rdf/sphn-schema/sphn#hasIdentifier,TRUE
INPUTEVENTS_CV,STOPPED,?,,?,,FALSE
INPUTEVENTS_CV,NEWBOTTLE,?,,?,,FALSE
INPUTEVENTS_CV,ORIGINALAMOUNT,https://biomedit.ch/rdf/sphn-schema/sphn#ReferenceValue,https://www.biomedit.ch/rdf/sphn-schema/sphn#hasValue,biomedit.ch/rdf/sphn-schema/sphn#ReferenceValue,biomedit.ch/rdf/sphn-schema/sphn#hasValue,FALSE
INPUTEVENTS_CV,ORIGINALAMOUNTUOM,https://biomedit.ch/rdf/sphn-schema/sphn#hasUnit,https://www.biomedit.ch/rdf/sphn-schema/sphn#hasUnit,biomedit.ch/rdf/sphn-schema/sphn#hasUnit,biomedit.ch/rdf/sphn-schema/sphn#hasUnit,TRUE
INPUTEVENTS_CV,originalroute,https://biomedit.ch/rdf/sphn-schema/sphn#hasAdministrationRouteCode,https://www.biomedit.ch/rdf/sphn-schema/sphn#hasRouteCode,biomedit.ch/rdf/sphn-schema/sphn#hasAdministrationRouteCode,biomedit.ch/rdf/sphn-schema/sphn#hasRouteCode,FALSE
INPUTEVENTS_CV,ORIGINALRATE,https://biomedit.ch/rdf/sphn-schema/sphn#ReferenceValue,https://www.biomedit.ch/rdf/sphn-schema/sphn#hasValue,biomedit.ch/rdf/sphn-schema/sphn#ReferenceValue,biomedit.ch/rdf/sphn-schema/sphn#hasValue,FALSE
INPUTEVENTS_CV,ORIGINALRATEUOM,https://biomedit.ch/rdf/sphn-schema/sphn#hasUnit,https://www.biomedit.ch/rdf/sphn-schema/sphn#hasUnit,biomedit.ch/rdf/sphn-schema/sphn#hasUnit,biomedit.ch/rdf/sphn-schema/sphn#hasUnit,TRUE
INPUTEVENTS_CV,ORIGINALSITE,https://biomedit.ch/rdf/sphn-schema/sphn#BodySite,https://www.biomedit.ch/rdf/sphn-schema/sphn#hasBodySite,biomedit.ch/rdf/sphn-schema/sphn#BodySite,biomedit.ch/rdf/sphn-schema/sphn#hasBodySite,FALSE
inputevents_mv,ROW_ID,https://biomedit.ch/rdf/sphn-schema/sphn#hasIdentifier,https://www.biomedit.ch/rdf/sphn-schema/sphn#hasIdentifier,biomedit.ch/rdf/sphn-schema/sphn#hasIdentifier,biomedit.ch/rdf/sphn-schema/sphn#hasIdentifier,TRUE
inputevents_mv,SUBJECT_ID,https://biomedit.ch/rdf/sphn-schema/sphn#hasIdentifier,https://www.biomedit.ch/rdf/sphn-schema/sphn#hasIdentifier,biomedit.ch/rdf/sphn-schema/sphn#hasIdentifier,biomedit.ch/rdf/sphn-schema/sphn#hasIdentifier,TRUE
inputevents_mv,HADM_ID,https://biomedit.ch/rdf/sphn-schema/sphn#hasIdentifier,https://www.biomedit.ch/rdf/sphn-schema/sphn#AdministrativeCase,biomedit.ch/rdf/sphn-schema/sphn#hasIdentifier,biomedit.ch/rdf/sphn-schema/sphn#AdministrativeCase,FALSE
inputevents_mv,ICUSTAY_ID,https://biomedit.ch/rdf/sphn-schema/sphn#hasIdentifier,https://www.biomedit.ch/rdf/sphn-schema/sphn#hasIdentifier,biomedit.ch/rdf/sphn-schema/sphn#hasIdentifier,biomedit.ch/rdf/sphn-schema/sphn#hasIdentifier,TRUE
inputevents_mv,STARTTIME,https://biomedit.ch/rdf/sphn-schema/sphn#hasStartDateTime,https://www.biomedit.ch/rdf/sphn-schema/sphn#hasStartDateTime,biomedit.ch/rdf/sphn-schema/sphn#hasStartDateTime,biomedit.ch/rdf/sphn-schema/sphn#hasStartDateTime,TRUE
inputevents_mv,ENDTIME,https://biomedit.ch/rdf/sphn-schema/sphn#hasEndDateTime,https://www.biomedit.ch/rdf/sphn-schema/sphn#hasEndDateTime,biomedit.ch/rdf/sphn-schema/sphn#hasEndDateTime,biomedit.ch/rdf/sphn-schema/sphn#hasEndDateTime,TRUE
inputevents_mv,ITEMID,https://biomedit.ch/rdf/sphn-schema/sphn#hasIdentifier,https://www.biomedit.ch/rdf/sphn-schema/sphn#hasIdentifier,biomedit.ch/rdf/sphn-schema/sphn#hasIdentifier,biomedit.ch/rdf/sphn-schema/sphn#hasIdentifier,TRUE
inputevents_mv,AMOUNT,https://biomedit.ch/rdf/sphn-schema/sphn#ReferenceValue,https://www.biomedit.ch/rdf/sphn-schema/sphn#hasValue,biomedit.ch/rdf/sphn-schema/sphn#ReferenceValue,biomedit.ch/rdf/sphn-schema/sphn#hasValue,FALSE
inputevents_mv,AMOUNTUOM,https://biomedit.ch/rdf/sphn-schema/sphn#hasUnit,https://www.biomedit.ch/rdf/sphn-schema/sphn#hasUnit,biomedit.ch/rdf/sphn-schema/sphn#hasUnit,biomedit.ch/rdf/sphn-schema/sphn#hasUnit,TRUE
inputevents_mv,RATE,https://biomedit.ch/rdf/sphn-schema/sphn#ReferenceValue,https://www.biomedit.ch/rdf/sphn-schema/sphn#hasValue,biomedit.ch/rdf/sphn-schema/sphn#ReferenceValue,biomedit.ch/rdf/sphn-schema/sphn#hasValue,FALSE
inputevents_mv,RATEUOM,https://biomedit.ch/rdf/sphn-schema/sphn#hasUnit,https://www.biomedit.ch/rdf/sphn-schema/sphn#hasUnit,biomedit.ch/rdf/sphn-schema/sphn#hasUnit,biomedit.ch/rdf/sphn-schema/sphn#hasUnit,TRUE
inputevents_mv,STORETIME,https://biomedit.ch/rdf/sphn-schema/sphn#hasDateTime,https://www.biomedit.ch/rdf/sphn-schema/sphn#hasDateTime,biomedit.ch/rdf/sphn-schema/sphn#hasDateTime,biomedit.ch/rdf/sphn-schema/sphn#hasDateTime,TRUE
inputevents_mv,CGID,https://biomedit.ch/rdf/sphn-schema/sphn#hasIdentifier,https://www.biomedit.ch/rdf/sphn-schema/sphn#hasIdentifier,biomedit.ch/rdf/sphn-schema/sphn#hasIdentifier,biomedit.ch/rdf/sphn-schema/sphn#hasIdentifier,TRUE
inputevents_mv,ORDERID,https://biomedit.ch/rdf/sphn-schema/sphn#hasIdentifier,https://www.biomedit.ch/rdf/sphn-schema/sphn#hasIdentifier,biomedit.ch/rdf/sphn-schema/sphn#hasIdentifier,biomedit.ch/rdf/sphn-schema/sphn#hasIdentifier,TRUE
inputevents_mv,LINKORDERID,https://biomedit.ch/rdf/sphn-schema/sphn#hasIdentifier,https://www.biomedit.ch/rdf/sphn-schema/sphn#hasIdentifier,biomedit.ch/rdf/sphn-schema/sphn#hasIdentifier,biomedit.ch/rdf/sphn-schema/sphn#hasIdentifier,TRUE
inputevents_mv,ORDERCATEGORYNAME,?,https://www.biomedit.ch/rdf/sphn-schema/sphn#hasName,?,biomedit.ch/rdf/sphn-schema/sphn#hasName,FALSE
inputevents_mv,SECONDARYORDERCATEGORYNAME,?,https://www.biomedit.ch/rdf/sphn-schema/sphn#hasName,?,biomedit.ch/rdf/sphn-schema/sphn#hasName,FALSE
inputevents_mv,ORDERCOMPONENTTYPEDESCRIPTION,?,https://www.biomedit.ch/rdf/sphn-schema/sphn#hasDescription,?,biomedit.ch/rdf/sphn-schema/sphn#hasDescription,FALSE
inputevents_mv,ORDERCATEGORYDESCRIPTION,?,https://www.biomedit.ch/rdf/sphn-schema/sphn#hasDescription,?,biomedit.ch/rdf/sphn-schema/sphn#hasDescription,FALSE
inputevents_mv,PATIENTWEIGHT,https://biomedit.ch/rdf/sphn-schema/sphn#BodyWeight,https://www.biomedit.ch/rdf/sphn-schema/sphn#BodyWeight,biomedit.ch/rdf/sphn-schema/sphn#BodyWeight,biomedit.ch/rdf/sphn-schema/sphn#BodyWeight,TRUE
inputevents_mv,TOTALAMOUNT,https://biomedit.ch/rdf/sphn-schema/sphn#ReferenceValue,https://www.biomedit.ch/rdf/sphn-schema/sphn#hasValue,biomedit.ch/rdf/sphn-schema/sphn#ReferenceValue,biomedit.ch/rdf/sphn-schema/sphn#hasValue,FALSE
inputevents_mv,TOTALAMOUNTUOM,https://biomedit.ch/rdf/sphn-schema/sphn#hasUnit,https://www.biomedit.ch/rdf/sphn-schema/sphn#hasUnit,biomedit.ch/rdf/sphn-schema/sphn#hasUnit,biomedit.ch/rdf/sphn-schema/sphn#hasUnit,TRUE
inputevents_mv,ISOPENBAG,?,,?,,FALSE
inputevents_mv,CONTINUEINNEXTDEPT,?,,?,,FALSE
inputevents_mv,CANCELREASON,?,https://www.biomedit.ch/rdf/sphn-schema/sphn#hasReasonToStopCode,?,biomedit.ch/rdf/sphn-schema/sphn#hasReasonToStopCode,FALSE
inputevents_mv,STATUSDESCRIPTION,?,https://www.biomedit.ch/rdf/sphn-schema/sphn#hasDescription,?,biomedit.ch/rdf/sphn-schema/sphn#hasDescription,FALSE
inputevents_mv,COMMENTS_STATUS,?,,?,,FALSE
inputevents_mv,COMMENTS_TITLE,?,https://www.biomedit.ch/rdf/sphn-schema/sphn#title,?,biomedit.ch/rdf/sphn-schema/sphn#title,FALSE
inputevents_mv,COMMENTS_DATE,https://biomedit.ch/rdf/sphn-schema/sphn#hasDateTime,https://www.biomedit.ch/rdf/sphn-schema/sphn#hasDateTime,biomedit.ch/rdf/sphn-schema/sphn#hasDateTime,biomedit.ch/rdf/sphn-schema/sphn#hasDateTime,TRUE
inputevents_mv,ORIGINALAMOUNT,https://biomedit.ch/rdf/sphn-schema/sphn#ReferenceValue,https://www.biomedit.ch/rdf/sphn-schema/sphn#hasValue,biomedit.ch/rdf/sphn-schema/sphn#ReferenceValue,biomedit.ch/rdf/sphn-schema/sphn#hasValue,FALSE
inputevents_mv,ORIGINALRATE,https://biomedit.ch/rdf/sphn-schema/sphn#hasUnit,,biomedit.ch/rdf/sphn-schema/sphn#hasUnit,,FALSE
LABEVENTS,row_id,https://www.biomedit.ch/rdf/sphn-schema/sphn#hasIdentifier,,biomedit.ch/rdf/sphn-schema/sphn#hasIdentifier,,FALSE
LABEVENTS,subject_id,https://www.biomedit.ch/rdf/sphn-schema/sphn#SubjectPseudoIdentifier,https://biomedit.ch/rdf/sphn-schema/sphn#SubjectPseudoIdentifier,biomedit.ch/rdf/sphn-schema/sphn#SubjectPseudoIdentifier,biomedit.ch/rdf/sphn-schema/sphn#SubjectPseudoIdentifier,TRUE
LABEVENTS,hadm_id,https://www.biomedit.ch/rdf/sphn-schema/sphn#AdministrativeCase,https://biomedit.ch/rdf/sphn-schema/sphn#AdministrativeCase,biomedit.ch/rdf/sphn-schema/sphn#AdministrativeCase,biomedit.ch/rdf/sphn-schema/sphn#AdministrativeCase,TRUE
LABEVENTS,itemid,https://www.biomedit.ch/rdf/sphn-schema/sphn#hasIdentifier,https://biomedit.ch/rdf/sphn-schema/sphn#LabTest,biomedit.ch/rdf/sphn-schema/sphn#hasIdentifier,biomedit.ch/rdf/sphn-schema/sphn#LabTest,FALSE
LABEVENTS,charttime,https://www.biomedit.ch/rdf/sphn-schema/sphn#hasEventDateTime,https://biomedit.ch/rdf/sphn-schema/sphn#hasDateTime,biomedit.ch/rdf/sphn-schema/sphn#hasEventDateTime,biomedit.ch/rdf/sphn-schema/sphn#hasDateTime,FALSE
LABEVENTS,value,https://www.biomedit.ch/rdf/sphn-schema/sphn#hasValue,https://biomedit.ch/rdf/sphn-schema/sphn#LabResult,biomedit.ch/rdf/sphn-schema/sphn#hasValue,biomedit.ch/rdf/sphn-schema/sphn#LabResult,FALSE
LABEVENTS,valuenum,https://www.biomedit.ch/rdf/sphn-schema/sphn#ReferenceValue,https://biomedit.ch/rdf/sphn-schema/sphn#Quantity,biomedit.ch/rdf/sphn-schema/sphn#ReferenceValue,biomedit.ch/rdf/sphn-schema/sphn#Quantity,FALSE
LABEVENTS,valueuom,https://www.biomedit.ch/rdf/sphn-schema/sphn#hasUnit,https://biomedit.ch/rdf/sphn-schema/sphn#Unit,biomedit.ch/rdf/sphn-schema/sphn#hasUnit,biomedit.ch/rdf/sphn-schema/sphn#Unit,FALSE
LABEVENTS,flag,,https://biomedit.ch/rdf/sphn-schema/sphn#LabResult,,biomedit.ch/rdf/sphn-schema/sphn#LabResult,FALSE
MICROBIOLOGYEVENTS,row_id,https://www.biomedit.ch/rdf/sphn-schema/sphn#hasIdentifier,,biomedit.ch/rdf/sphn-schema/sphn#hasIdentifier,,FALSE
MICROBIOLOGYEVENTS,subject_id,https://www.biomedit.ch/rdf/sphn-schema/sphn#SubjectPseudoIdentifier,https://biomedit.ch/rdf/sphn-schema/sphn#SubjectPseudoIdentifier,biomedit.ch/rdf/sphn-schema/sphn#SubjectPseudoIdentifier,biomedit.ch/rdf/sphn-schema/sphn#SubjectPseudoIdentifier,TRUE
MICROBIOLOGYEVENTS,hadm_id,https://www.biomedit.ch/rdf/sphn-schema/sphn#AdministrativeCase,https://biomedit.ch/rdf/sphn-schema/sphn#AdministrativeCase,biomedit.ch/rdf/sphn-schema/sphn#AdministrativeCase,biomedit.ch/rdf/sphn-schema/sphn#AdministrativeCase,TRUE
MICROBIOLOGYEVENTS,chartdate,https://www.biomedit.ch/rdf/sphn-schema/sphn#hasDate,https://biomedit.ch/rdf/sphn-schema/sphn#hasDate,biomedit.ch/rdf/sphn-schema/sphn#hasDate,biomedit.ch/rdf/sphn-schema/sphn#hasDate,TRUE
MICROBIOLOGYEVENTS,charttime,https://www.biomedit.ch/rdf/sphn-schema/sphn#hasEventDateTime,https://biomedit.ch/rdf/sphn-schema/sphn#hasDateTime,biomedit.ch/rdf/sphn-schema/sphn#hasEventDateTime,biomedit.ch/rdf/sphn-schema/sphn#hasDateTime,FALSE
MICROBIOLOGYEVENTS,spec_itemid,https://www.biomedit.ch/rdf/sphn-schema/sphn#hasIdentifier,https://biomedit.ch/rdf/sphn-schema/sphn#hasCode,biomedit.ch/rdf/sphn-schema/sphn#hasIdentifier,biomedit.ch/rdf/sphn-schema/sphn#hasCode,FALSE
MICROBIOLOGYEVENTS,spec_type_desc,https://www.biomedit.ch/rdf/sphn-schema/sphn#Sample,https://biomedit.ch/rdf/sphn-schema/sphn#MicroorganismIdentificationLabTest,biomedit.ch/rdf/sphn-schema/sphn#Sample,biomedit.ch/rdf/sphn-schema/sphn#MicroorganismIdentificationLabTest,FALSE
MICROBIOLOGYEVENTS,org_itemid,https://www.biomedit.ch/rdf/sphn-schema/sphn#hasIdentifier,https://biomedit.ch/rdf/sphn-schema/sphn#hasCode,biomedit.ch/rdf/sphn-schema/sphn#hasIdentifier,biomedit.ch/rdf/sphn-schema/sphn#hasCode,FALSE
MICROBIOLOGYEVENTS,org_name,https://www.biomedit.ch/rdf/sphn-schema/sphn#hasName,https://biomedit.ch/rdf/sphn-schema/sphn#Organism,biomedit.ch/rdf/sphn-schema/sphn#hasName,biomedit.ch/rdf/sphn-schema/sphn#Organism,FALSE
MICROBIOLOGYEVENTS,isolate_num,https://www.biomedit.ch/rdf/sphn-schema/sphn#hasTotalCopyNumber,https://biomedit.ch/rdf/sphn-schema/sphn#hasQuantity,biomedit.ch/rdf/sphn-schema/sphn#hasTotalCopyNumber,biomedit.ch/rdf/sphn-schema/sphn#hasQuantity,FALSE
MICROBIOLOGYEVENTS,ab_itemid,https://www.biomedit.ch/rdf/sphn-schema/sphn#hasIdentifier,https://biomedit.ch/rdf/sphn-schema/sphn#hasCode,biomedit.ch/rdf/sphn-schema/sphn#hasIdentifier,biomedit.ch/rdf/sphn-schema/sphn#hasCode,FALSE
MICROBIOLOGYEVENTS,ab_name,https://www.biomedit.ch/rdf/sphn-schema/sphn#hasName,,biomedit.ch/rdf/sphn-schema/sphn#hasName,,FALSE
MICROBIOLOGYEVENTS,dilution_text,https://www.biomedit.ch/rdf/sphn-schema/sphn#hasStringValue,https://biomedit.ch/rdf/sphn-schema/sphn#Assessment,biomedit.ch/rdf/sphn-schema/sphn#hasStringValue,biomedit.ch/rdf/sphn-schema/sphn#Assessment,FALSE
MICROBIOLOGYEVENTS,dilution_comparison,https://www.biomedit.ch/rdf/sphn-schema/sphn#hasComparator,"https://biomedit.ch/rdf/sphn-schema/sphn#AssessmentResult
",biomedit.ch/rdf/sphn-schema/sphn#hasComparator,"biomedit.ch/rdf/sphn-schema/sphn#AssessmentResult
",FALSE
MICROBIOLOGYEVENTS,dilution_value,https://www.biomedit.ch/rdf/sphn-schema/sphn#hasValue,https://biomedit.ch/rdf/sphn-schema/sphn#hasQuantity,biomedit.ch/rdf/sphn-schema/sphn#hasValue,biomedit.ch/rdf/sphn-schema/sphn#hasQuantity,FALSE
MICROBIOLOGYEVENTS,interpretation,https://www.biomedit.ch/rdf/sphn-schema/sphn#Interpretation,https://biomedit.ch/rdf/sphn-schema/sphn#Interpretation,biomedit.ch/rdf/sphn-schema/sphn#Interpretation,biomedit.ch/rdf/sphn-schema/sphn#Interpretation,TRUE
NOTEEVENTS,row_id,https://www.biomedit.ch/rdf/sphn-schema/sphn#hasIdentifier,,biomedit.ch/rdf/sphn-schema/sphn#hasIdentifier,,FALSE
NOTEEVENTS,subject_id,https://www.biomedit.ch/rdf/sphn-schema/sphn#SubjectPseudoIdentifier,https://biomedit.ch/rdf/sphn-schema/sphn#SubjectPseudoIdentifier,biomedit.ch/rdf/sphn-schema/sphn#SubjectPseudoIdentifier,biomedit.ch/rdf/sphn-schema/sphn#SubjectPseudoIdentifier,TRUE
NOTEEVENTS,hadm_id,https://www.biomedit.ch/rdf/sphn-schema/sphn#AdministrativeCase,https://biomedit.ch/rdf/sphn-schema/sphn#AdministrativeCase,biomedit.ch/rdf/sphn-schema/sphn#AdministrativeCase,biomedit.ch/rdf/sphn-schema/sphn#AdministrativeCase,TRUE
NOTEEVENTS,chartdate,https://www.biomedit.ch/rdf/sphn-schema/sphn#hasDate,https://biomedit.ch/rdf/sphn-schema/sphn#hasDate,biomedit.ch/rdf/sphn-schema/sphn#hasDate,biomedit.ch/rdf/sphn-schema/sphn#hasDate,TRUE
NOTEEVENTS,charttime,https://www.biomedit.ch/rdf/sphn-schema/sphn#hasEventDateTime,https://biomedit.ch/rdf/sphn-schema/sphn#hasStartDateTime,biomedit.ch/rdf/sphn-schema/sphn#hasEventDateTime,biomedit.ch/rdf/sphn-schema/sphn#hasStartDateTime,FALSE
NOTEEVENTS,storetime,https://www.biomedit.ch/rdf/sphn-schema/sphn#hasDateTime,https://biomedit.ch/rdf/sphn-schema/sphn#hasEndDateTime,biomedit.ch/rdf/sphn-schema/sphn#hasDateTime,biomedit.ch/rdf/sphn-schema/sphn#hasEndDateTime,FALSE
NOTEEVENTS,category,https://www.biomedit.ch/rdf/sphn-schema/sphn#hasCategory,,biomedit.ch/rdf/sphn-schema/sphn#hasCategory,,FALSE
NOTEEVENTS,description,https://www.biomedit.ch/rdf/sphn-schema/sphn#hasDescription,https://biomedit.ch/rdf/sphn-schema/sphn#hasDescription,biomedit.ch/rdf/sphn-schema/sphn#hasDescription,biomedit.ch/rdf/sphn-schema/sphn#hasDescription,TRUE
NOTEEVENTS,cgid,https://www.biomedit.ch/rdf/sphn-schema/sphn#hasIdentifier,https://biomedit.ch/rdf/sphn-schema/sphn#Performer,biomedit.ch/rdf/sphn-schema/sphn#hasIdentifier,biomedit.ch/rdf/sphn-schema/sphn#Performer,FALSE
NOTEEVENTS,iserror,,,,,TRUE
NOTEEVENTS,text,https://www.biomedit.ch/rdf/sphn-schema/sphn#hasStringValue,https://biomedit.ch/rdf/sphn-schema/sphn#hasStringValue,biomedit.ch/rdf/sphn-schema/sphn#hasStringValue,biomedit.ch/rdf/sphn-schema/sphn#hasStringValue,TRUE
OUTPUTEVENTS,row_id,https://www.biomedit.ch/rdf/sphn-schema/sphn#hasIdentifier,,biomedit.ch/rdf/sphn-schema/sphn#hasIdentifier,,FALSE
OUTPUTEVENTS,subject_id,https://www.biomedit.ch/rdf/sphn-schema/sphn#SubjectPseudoIdentifier,https://biomedit.ch/rdf/sphn-schema/sphn#SubjectPseudoIdentifier,biomedit.ch/rdf/sphn-schema/sphn#SubjectPseudoIdentifier,biomedit.ch/rdf/sphn-schema/sphn#SubjectPseudoIdentifier,TRUE
OUTPUTEVENTS,hadm_id,https://www.biomedit.ch/rdf/sphn-schema/sphn#AdministrativeCase,https://biomedit.ch/rdf/sphn-schema/sphn#AdministrativeCase,biomedit.ch/rdf/sphn-schema/sphn#AdministrativeCase,biomedit.ch/rdf/sphn-schema/sphn#AdministrativeCase,TRUE
OUTPUTEVENTS,icustay_id,https://www.biomedit.ch/rdf/sphn-schema/sphn#hasIdentifier,https://biomedit.ch/rdf/sphn-schema/sphn#AdministrativeCase,biomedit.ch/rdf/sphn-schema/sphn#hasIdentifier,biomedit.ch/rdf/sphn-schema/sphn#AdministrativeCase,FALSE
OUTPUTEVENTS,charttime,https://www.biomedit.ch/rdf/sphn-schema/sphn#hasEventDateTime,https://biomedit.ch/rdf/sphn-schema/sphn#hasStartDateTime,biomedit.ch/rdf/sphn-schema/sphn#hasEventDateTime,biomedit.ch/rdf/sphn-schema/sphn#hasStartDateTime,FALSE
OUTPUTEVENTS,itemid,https://www.biomedit.ch/rdf/sphn-schema/sphn#hasIdentifier,https://biomedit.ch/rdf/sphn-schema/sphn#AssessmentComponent,biomedit.ch/rdf/sphn-schema/sphn#hasIdentifier,biomedit.ch/rdf/sphn-schema/sphn#AssessmentComponent,FALSE
OUTPUTEVENTS,value,https://www.biomedit.ch/rdf/sphn-schema/sphn#hasValue,https://biomedit.ch/rdf/sphn-schema/sphn#AssessmentResult,biomedit.ch/rdf/sphn-schema/sphn#hasValue,biomedit.ch/rdf/sphn-schema/sphn#AssessmentResult,FALSE
OUTPUTEVENTS,valueuom,https://www.biomedit.ch/rdf/sphn-schema/sphn#hasUnit,https://biomedit.ch/rdf/sphn-schema/sphn#Unit,biomedit.ch/rdf/sphn-schema/sphn#hasUnit,biomedit.ch/rdf/sphn-schema/sphn#Unit,FALSE
OUTPUTEVENTS,storetime,https://www.biomedit.ch/rdf/sphn-schema/sphn#hasDateTime,https://biomedit.ch/rdf/sphn-schema/sphn#hasEndDateTime,biomedit.ch/rdf/sphn-schema/sphn#hasDateTime,biomedit.ch/rdf/sphn-schema/sphn#hasEndDateTime,FALSE
OUTPUTEVENTS,cgid,https://www.biomedit.ch/rdf/sphn-schema/sphn#hasIdentifier,https://biomedit.ch/rdf/sphn-schema/sphn#Performer,biomedit.ch/rdf/sphn-schema/sphn#hasIdentifier,biomedit.ch/rdf/sphn-schema/sphn#Performer,FALSE
OUTPUTEVENTS,stopped,,,,,TRUE
OUTPUTEVENTS,newbottle,,,,,TRUE
OUTPUTEVENTS,iserror,,,,,TRUE
PATIENTS,row_id,https://www.biomedit.ch/rdf/sphn-schema/sphn#hasIdentifier,,biomedit.ch/rdf/sphn-schema/sphn#hasIdentifier,,FALSE
PATIENTS,subject_id,https://www.biomedit.ch/rdf/sphn-schema/sphn#SubjectPseudoIdentifier,https://biomedit.ch/rdf/sphn-schema/sphn#SubjectPseudoIdentifier,biomedit.ch/rdf/sphn-schema/sphn#SubjectPseudoIdentifier,biomedit.ch/rdf/sphn-schema/sphn#SubjectPseudoIdentifier,TRUE
PATIENTS,gender,https://www.biomedit.ch/rdf/sphn-schema/sphn#AdministrativeSex,https://biomedit.ch/rdf/sphn-ontology/sphn#AdministrativeGender ? ,biomedit.ch/rdf/sphn-schema/sphn#AdministrativeSex,biomedit.ch/rdf/sphn-ontology/sphn#AdministrativeGender ? ,FALSE
PATIENTS,dob,https://www.biomedit.ch/rdf/sphn-schema/sphn#BirthDate,https://biomedit.ch/rdf/sphn-schema/sphn#BirthDate,biomedit.ch/rdf/sphn-schema/sphn#BirthDate,biomedit.ch/rdf/sphn-schema/sphn#BirthDate,TRUE
PATIENTS,dod,https://www.biomedit.ch/rdf/sphn-schema/sphn#DeathDate,https://biomedit.ch/rdf/sphn-schema/sphn#DeathDate,biomedit.ch/rdf/sphn-schema/sphn#DeathDate,biomedit.ch/rdf/sphn-schema/sphn#DeathDate,TRUE
PATIENTS,dod_hosp,https://www.biomedit.ch/rdf/sphn-schema/sphn#DeathDate,https://biomedit.ch/rdf/sphn-schema/sphn#DeathDate,biomedit.ch/rdf/sphn-schema/sphn#DeathDate,biomedit.ch/rdf/sphn-schema/sphn#DeathDate,TRUE
PATIENTS,dod_ssn,https://www.biomedit.ch/rdf/sphn-schema/sphn#DeathDate,https://biomedit.ch/rdf/sphn-schema/sphn#DeathDate,biomedit.ch/rdf/sphn-schema/sphn#DeathDate,biomedit.ch/rdf/sphn-schema/sphn#DeathDate,TRUE
PATIENTS,expire_flag,https://www.biomedit.ch/rdf/sphn-schema/sphn#Death,https://biomedit.ch/rdf/sphn-schema/sphn#AdverseEvent,biomedit.ch/rdf/sphn-schema/sphn#Death,biomedit.ch/rdf/sphn-schema/sphn#AdverseEvent,FALSE
PRESCRIPTIONS,row_id,https://www.biomedit.ch/rdf/sphn-schema/sphn#hasIdentifier,,biomedit.ch/rdf/sphn-schema/sphn#hasIdentifier,,FALSE
PRESCRIPTIONS,subject_id,https://www.biomedit.ch/rdf/sphn-schema/sphn#SubjectPseudoIdentifier,https://biomedit.ch/rdf/sphn-schema/sphn#SubjectPseudoIdentifier,biomedit.ch/rdf/sphn-schema/sphn#SubjectPseudoIdentifier,biomedit.ch/rdf/sphn-schema/sphn#SubjectPseudoIdentifier,TRUE
PRESCRIPTIONS,hadm_id,https://www.biomedit.ch/rdf/sphn-schema/sphn#AdministrativeCase,https://biomedit.ch/rdf/sphn-schema/sphn#AdministrativeCase,biomedit.ch/rdf/sphn-schema/sphn#AdministrativeCase,biomedit.ch/rdf/sphn-schema/sphn#AdministrativeCase,TRUE
PRESCRIPTIONS,icustay_id,https://www.biomedit.ch/rdf/sphn-schema/sphn#hasIdentifier,https://biomedit.ch/rdf/sphn-schema/sphn#AdministrativeCase,biomedit.ch/rdf/sphn-schema/sphn#hasIdentifier,biomedit.ch/rdf/sphn-schema/sphn#AdministrativeCase,FALSE
PRESCRIPTIONS,startdate,https://www.biomedit.ch/rdf/sphn-schema/sphn#hasStartDateTime,https://biomedit.ch/rdf/sphn-schema/sphn#hasStartDateTime,biomedit.ch/rdf/sphn-schema/sphn#hasStartDateTime,biomedit.ch/rdf/sphn-schema/sphn#hasStartDateTime,TRUE
PRESCRIPTIONS,enddate,https://www.biomedit.ch/rdf/sphn-schema/sphn#hasEndDateTime,https://biomedit.ch/rdf/sphn-schema/sphn#hasEndDateTime,biomedit.ch/rdf/sphn-schema/sphn#hasEndDateTime,biomedit.ch/rdf/sphn-schema/sphn#hasEndDateTime,TRUE
PRESCRIPTIONS,drug_type,https://www.biomedit.ch/rdf/sphn-schema/sphn#Substance,https://biomedit.ch/rdf/sphn-schema/sphn#hasTypeCode,biomedit.ch/rdf/sphn-schema/sphn#Substance,biomedit.ch/rdf/sphn-schema/sphn#hasTypeCode,FALSE
PRESCRIPTIONS,drug,https://www.biomedit.ch/rdf/sphn-schema/sphn#Drug,https://biomedit.ch/rdf/sphn-schema/sphn#Drug,biomedit.ch/rdf/sphn-schema/sphn#Drug,biomedit.ch/rdf/sphn-schema/sphn#Drug,TRUE
PRESCRIPTIONS,drug_name_poe,https://www.biomedit.ch/rdf/sphn-schema/sphn#hasName,https://biomedit.ch/rdf/sphn-schema/sphn#hasName,biomedit.ch/rdf/sphn-schema/sphn#hasName,biomedit.ch/rdf/sphn-schema/sphn#hasName,TRUE
PRESCRIPTIONS,drug_name_generic,https://www.biomedit.ch/rdf/sphn-schema/sphn#hasName,https://biomedit.ch/rdf/sphn-schema/sphn#hasGenericName,biomedit.ch/rdf/sphn-schema/sphn#hasName,biomedit.ch/rdf/sphn-schema/sphn#hasGenericName,FALSE
PRESCRIPTIONS,formulary_drug_cd,https://www.biomedit.ch/rdf/sphn-schema/sphn#hasCode,https://biomedit.ch/rdf/sphn-schema/sphn#hasCode,biomedit.ch/rdf/sphn-schema/sphn#hasCode,biomedit.ch/rdf/sphn-schema/sphn#hasCode,TRUE
PRESCRIPTIONS,gsn,https://www.biomedit.ch/rdf/sphn-schema/sphn#hasCode,https://biomedit.ch/rdf/sphn-schema/sphn#hasReferenceSequence,biomedit.ch/rdf/sphn-schema/sphn#hasCode,biomedit.ch/rdf/sphn-schema/sphn#hasReferenceSequence,FALSE
PRESCRIPTIONS,ndc,https://www.biomedit.ch/rdf/sphn-schema/sphn#hasCode,https://biomedit.ch/rdf/sphn-schema/sphn#DrugArticle,biomedit.ch/rdf/sphn-schema/sphn#hasCode,biomedit.ch/rdf/sphn-schema/sphn#DrugArticle,FALSE
PRESCRIPTIONS,prod_strength,https://www.biomedit.ch/rdf/sphn-schema/sphn#hasSeverityCode,https://biomedit.ch/rdf/sphn-schema/sphn#hasDegree,biomedit.ch/rdf/sphn-schema/sphn#hasSeverityCode,biomedit.ch/rdf/sphn-schema/sphn#hasDegree,FALSE
PRESCRIPTIONS,dose_val_rx,https://www.biomedit.ch/rdf/sphn-schema/sphn#ReferenceValue,https://biomedit.ch/rdf/sphn-schema/sphn#PharmaceuticalDoseForm,biomedit.ch/rdf/sphn-schema/sphn#ReferenceValue,biomedit.ch/rdf/sphn-schema/sphn#PharmaceuticalDoseForm,FALSE
PRESCRIPTIONS,dose_unit_rx,https://www.biomedit.ch/rdf/sphn-schema/sphn#hasUnit,https://biomedit.ch/rdf/sphn-schema/sphn#hasUnit,biomedit.ch/rdf/sphn-schema/sphn#hasUnit,biomedit.ch/rdf/sphn-schema/sphn#hasUnit,TRUE
PRESCRIPTIONS,form_val_disp,https://www.biomedit.ch/rdf/sphn-schema/sphn#ReferenceValue,https://biomedit.ch/rdf/sphn-schema/sphn#hasManufacturedDoseForm,biomedit.ch/rdf/sphn-schema/sphn#ReferenceValue,biomedit.ch/rdf/sphn-schema/sphn#hasManufacturedDoseForm,FALSE
PRESCRIPTIONS,form_unit_disp,https://www.biomedit.ch/rdf/sphn-schema/sphn#hasUnit,https://biomedit.ch/rdf/sphn-schema/sphn#hasUnit,biomedit.ch/rdf/sphn-schema/sphn#hasUnit,biomedit.ch/rdf/sphn-schema/sphn#hasUnit,TRUE
PRESCRIPTIONS,route,https://www.biomedit.ch/rdf/sphn-schema/sphn#hasRouteCode,https://biomedit.ch/rdf/sphn-schema/sphn#hasAdministrationRouteCode,biomedit.ch/rdf/sphn-schema/sphn#hasRouteCode,biomedit.ch/rdf/sphn-schema/sphn#hasAdministrationRouteCode,FALSE
PROCEDUREEVENTS_MV,row_id,https://www.biomedit.ch/rdf/sphn-schema/sphn#hasIdentifier,https://biomedit.ch/rdf/sphn-schema/sphn#hasIdentifier,biomedit.ch/rdf/sphn-schema/sphn#hasIdentifier,biomedit.ch/rdf/sphn-schema/sphn#hasIdentifier,TRUE
PROCEDUREEVENTS_MV,subject_id,https://www.biomedit.ch/rdf/sphn-schema/sphn#SubjectPseudoIdentifier,https://biomedit.ch/rdf/sphn-schema/sphn#SubjectPseudoIdentifier,biomedit.ch/rdf/sphn-schema/sphn#SubjectPseudoIdentifier,biomedit.ch/rdf/sphn-schema/sphn#SubjectPseudoIdentifier,TRUE
PROCEDUREEVENTS_MV,hadm_id,https://www.biomedit.ch/rdf/sphn-schema/sphn#AdministrativeCase,https://biomedit.ch/rdf/sphn-schema/sphn#hasAdministrativeCase,biomedit.ch/rdf/sphn-schema/sphn#AdministrativeCase,biomedit.ch/rdf/sphn-schema/sphn#hasAdministrativeCase,FALSE
PROCEDUREEVENTS_MV,icustay_id,https://www.biomedit.ch/rdf/sphn-schema/sphn#hasIdentifier,https://biomedit.ch/rdf/sphn-schema/sphn#hasIdentifier,biomedit.ch/rdf/sphn-schema/sphn#hasIdentifier,biomedit.ch/rdf/sphn-schema/sphn#hasIdentifier,TRUE
PROCEDUREEVENTS_MV,starttime,https://www.biomedit.ch/rdf/sphn-schema/sphn#hasStartDateTime,https://biomedit.ch/rdf/sphn-schema/sphn#hasStartDateTime,biomedit.ch/rdf/sphn-schema/sphn#hasStartDateTime,biomedit.ch/rdf/sphn-schema/sphn#hasStartDateTime,TRUE
PROCEDUREEVENTS_MV,endtime,https://www.biomedit.ch/rdf/sphn-schema/sphn#hasEndDateTime,https://biomedit.ch/rdf/sphn-schema/sphn#hasEndDateTime,biomedit.ch/rdf/sphn-schema/sphn#hasEndDateTime,biomedit.ch/rdf/sphn-schema/sphn#hasEndDateTime,TRUE
PROCEDUREEVENTS_MV,itemid,https://www.biomedit.ch/rdf/sphn-schema/sphn#hasIdentifier,https://biomedit.ch/rdf/sphn-schema/sphn#hasIdentifier,biomedit.ch/rdf/sphn-schema/sphn#hasIdentifier,biomedit.ch/rdf/sphn-schema/sphn#hasIdentifier,TRUE
PROCEDUREEVENTS_MV,value,https://www.biomedit.ch/rdf/sphn-schema/sphn#hasValue,https://biomedit.ch/rdf/sphn-schema/sphn#hasValue,biomedit.ch/rdf/sphn-schema/sphn#hasValue,biomedit.ch/rdf/sphn-schema/sphn#hasValue,TRUE
PROCEDUREEVENTS_MV,valueuom,https://www.biomedit.ch/rdf/sphn-schema/sphn#hasUnit,https://www.biomedit.ch/rdf/sphn-schema/sphn#hasUnit,biomedit.ch/rdf/sphn-schema/sphn#hasUnit,biomedit.ch/rdf/sphn-schema/sphn#hasUnit,TRUE
PROCEDUREEVENTS_MV,location,https://www.biomedit.ch/rdf/sphn-schema/sphn#hasLocation,https://biomedit.ch/rdf/sphn-schema/sphn#hasLocation,biomedit.ch/rdf/sphn-schema/sphn#hasLocation,biomedit.ch/rdf/sphn-schema/sphn#hasLocation,TRUE
PROCEDUREEVENTS_MV,locationcategory,https://www.biomedit.ch/rdf/sphn-schema/sphn#hasCategory,https://biomedit.ch/rdf/sphn-schema/sphn#hasCategory,biomedit.ch/rdf/sphn-schema/sphn#hasCategory,biomedit.ch/rdf/sphn-schema/sphn#hasCategory,TRUE
PROCEDUREEVENTS_MV,storetime,https://www.biomedit.ch/rdf/sphn-schema/sphn#hasDateTime,https://biomedit.ch/rdf/sphn-schema/sphn#hasDateTime,biomedit.ch/rdf/sphn-schema/sphn#hasDateTime,biomedit.ch/rdf/sphn-schema/sphn#hasDateTime,TRUE
PROCEDUREEVENTS_MV,cgid,https://www.biomedit.ch/rdf/sphn-schema/sphn#hasIdentifier,https://biomedit.ch/rdf/sphn-schema/sphn#hasIdentifier,biomedit.ch/rdf/sphn-schema/sphn#hasIdentifier,biomedit.ch/rdf/sphn-schema/sphn#hasIdentifier,TRUE
PROCEDUREEVENTS_MV,orderid,https://www.biomedit.ch/rdf/sphn-schema/sphn#hasIdentifier,https://biomedit.ch/rdf/sphn-schema/sphn#hasIdentifier,biomedit.ch/rdf/sphn-schema/sphn#hasIdentifier,biomedit.ch/rdf/sphn-schema/sphn#hasIdentifier,TRUE
PROCEDUREEVENTS_MV,linkorderid,https://www.biomedit.ch/rdf/sphn-schema/sphn#hasIdentifier,https://biomedit.ch/rdf/sphn-schema/sphn#hasIdentifier,biomedit.ch/rdf/sphn-schema/sphn#hasIdentifier,biomedit.ch/rdf/sphn-schema/sphn#hasIdentifier,TRUE
PROCEDUREEVENTS_MV,ordercategoryname,https://www.biomedit.ch/rdf/sphn-schema/sphn#hasCategory,https://biomedit.ch/rdf/sphn-schema/sphn#hasCategory,biomedit.ch/rdf/sphn-schema/sphn#hasCategory,biomedit.ch/rdf/sphn-schema/sphn#hasCategory,TRUE
PROCEDUREEVENTS_MV,secondaryordercategoryname,https://www.biomedit.ch/rdf/sphn-schema/sphn#hasCategory,https://biomedit.ch/rdf/sphn-schema/sphn#hasCategory,biomedit.ch/rdf/sphn-schema/sphn#hasCategory,biomedit.ch/rdf/sphn-schema/sphn#hasCategory,TRUE
PROCEDUREEVENTS_MV,ordercategorydescription,https://www.biomedit.ch/rdf/sphn-schema/sphn#hasCategory,https://biomedit.ch/rdf/sphn-schema/sphn#hasDescription,biomedit.ch/rdf/sphn-schema/sphn#hasCategory,biomedit.ch/rdf/sphn-schema/sphn#hasDescription,FALSE
PROCEDUREEVENTS_MV,isopenbag,,https://biomedit.ch/rdf/sphn-schema/sphn#hasConditionCode,,biomedit.ch/rdf/sphn-schema/sphn#hasConditionCode,FALSE
PROCEDUREEVENTS_MV,continueinnextdept,,https://biomedit.ch/rdf/sphn-schema/sphn#hasStatusCode,,biomedit.ch/rdf/sphn-schema/sphn#hasStatusCode,FALSE
PROCEDUREEVENTS_MV,cancelreason,https://www.biomedit.ch/rdf/sphn-schema/sphn#hasReasonToStopCode,none,biomedit.ch/rdf/sphn-schema/sphn#hasReasonToStopCode,none,FALSE
PROCEDUREEVENTS_MV,statusdescription,https://www.biomedit.ch/rdf/sphn-schema/sphn#hasDescription,https://biomedit.ch/rdf/sphn-schema/sphn#hasDescription,biomedit.ch/rdf/sphn-schema/sphn#hasDescription,biomedit.ch/rdf/sphn-schema/sphn#hasDescription,TRUE
PROCEDUREEVENTS_MV,comments_editedby,https://www.biomedit.ch/rdf/sphn-schema/sphn#hasPerformer,https://biomedit.ch/rdf/sphn-schema/sphn#hasSubjectPseudoIdentifier,biomedit.ch/rdf/sphn-schema/sphn#hasPerformer,biomedit.ch/rdf/sphn-schema/sphn#hasSubjectPseudoIdentifier,FALSE
PROCEDUREEVENTS_MV,comments_canceledby,https://www.biomedit.ch/rdf/sphn-schema/sphn#hasPerformer,https://biomedit.ch/rdf/sphn-schema/sphn#hasSubjectPseudoIdentifier,biomedit.ch/rdf/sphn-schema/sphn#hasPerformer,biomedit.ch/rdf/sphn-schema/sphn#hasSubjectPseudoIdentifier,FALSE
PROCEDUREEVENTS_MV,comments_date,https://www.biomedit.ch/rdf/sphn-schema/sphn#hasDateTime,https://biomedit.ch/rdf/sphn-schema/sphn#hasRecordDateTime,biomedit.ch/rdf/sphn-schema/sphn#hasDateTime,biomedit.ch/rdf/sphn-schema/sphn#hasRecordDateTime,FALSE
PROCEDURES_ICD,row_id,https://www.biomedit.ch/rdf/sphn-schema/sphn#hasIdentifier,https://biomedit.ch/rdf/sphn-schema/sphn#hasIdentifier,biomedit.ch/rdf/sphn-schema/sphn#hasIdentifier,biomedit.ch/rdf/sphn-schema/sphn#hasIdentifier,TRUE
PROCEDURES_ICD,subject_id,https://www.biomedit.ch/rdf/sphn-schema/sphn#SubjectPseudoIdentifier,https://biomedit.ch/rdf/sphn-schema/sphn#SubjectPseudoIdentifier,biomedit.ch/rdf/sphn-schema/sphn#SubjectPseudoIdentifier,biomedit.ch/rdf/sphn-schema/sphn#SubjectPseudoIdentifier,TRUE
PROCEDURES_ICD,hadm_id,https://www.biomedit.ch/rdf/sphn-schema/sphn#AdministrativeCase,https://biomedit.ch/rdf/sphn-schema/sphn#hasAdministrativeCase,biomedit.ch/rdf/sphn-schema/sphn#AdministrativeCase,biomedit.ch/rdf/sphn-schema/sphn#hasAdministrativeCase,FALSE
PROCEDURES_ICD,seq_num,https://www.biomedit.ch/rdf/sphn-schema/sphn#hasNumericalReference,https://biomedit.ch/rdf/sphn-schema/sphn#hasReferenceSequence,biomedit.ch/rdf/sphn-schema/sphn#hasNumericalReference,biomedit.ch/rdf/sphn-schema/sphn#hasReferenceSequence,FALSE
PROCEDURES_ICD,icd9_code,https://www.biomedit.ch/rdf/sphn-schema/sphn#hasCode,https://biomedit.ch/rdf/sphn-schema/sphn#hasCode,biomedit.ch/rdf/sphn-schema/sphn#hasCode,biomedit.ch/rdf/sphn-schema/sphn#hasCode,TRUE
SERVICES,row_id,https://www.biomedit.ch/rdf/sphn-schema/sphn#hasIdentifier,https://biomedit.ch/rdf/sphn-schema/sphn#hasIdentifier,biomedit.ch/rdf/sphn-schema/sphn#hasIdentifier,biomedit.ch/rdf/sphn-schema/sphn#hasIdentifier,TRUE
SERVICES,subject_id,https://www.biomedit.ch/rdf/sphn-schema/sphn#SubjectPseudoIdentifier,https://biomedit.ch/rdf/sphn-schema/sphn#SubjectPseudoIdentifier,biomedit.ch/rdf/sphn-schema/sphn#SubjectPseudoIdentifier,biomedit.ch/rdf/sphn-schema/sphn#SubjectPseudoIdentifier,TRUE
SERVICES,hadm_id,https://www.biomedit.ch/rdf/sphn-schema/sphn#AdministrativeCase,https://biomedit.ch/rdf/sphn-schema/sphn#hasAdministrativeCase,biomedit.ch/rdf/sphn-schema/sphn#AdministrativeCase,biomedit.ch/rdf/sphn-schema/sphn#hasAdministrativeCase,FALSE
SERVICES,transfertime,https://www.biomedit.ch/rdf/sphn-schema/sphn#hasDateTime,https://biomedit.ch/rdf/sphn-schema/sphn#hasEventDateTime,biomedit.ch/rdf/sphn-schema/sphn#hasDateTime,biomedit.ch/rdf/sphn-schema/sphn#hasEventDateTime,FALSE
SERVICES,prev_service,https://www.biomedit.ch/rdf/sphn-schema/sphn#ServiceProvider,https://www.biomedit.ch/rdf/sphn-schema/sphn#ServiceProvider,biomedit.ch/rdf/sphn-schema/sphn#ServiceProvider,biomedit.ch/rdf/sphn-schema/sphn#ServiceProvider,TRUE
SERVICES,curr_service,https://www.biomedit.ch/rdf/sphn-schema/sphn#ServiceProvider,https://www.biomedit.ch/rdf/sphn-schema/sphn#ServiceProvider,biomedit.ch/rdf/sphn-schema/sphn#ServiceProvider,biomedit.ch/rdf/sphn-schema/sphn#ServiceProvider,TRUE
TRANSFERS,row_id,https://www.biomedit.ch/rdf/sphn-schema/sphn#hasIdentifier,https://www.biomedit.ch/rdf/sphn-schema/sphn#hasIdentifier,biomedit.ch/rdf/sphn-schema/sphn#hasIdentifier,biomedit.ch/rdf/sphn-schema/sphn#hasIdentifier,TRUE
TRANSFERS,subject_id,https://www.biomedit.ch/rdf/sphn-schema/sphn#SubjectPseudoIdentifier,https://www.biomedit.ch/rdf/sphn-schema/sphn#SubjectPseudoIdentifier,biomedit.ch/rdf/sphn-schema/sphn#SubjectPseudoIdentifier,biomedit.ch/rdf/sphn-schema/sphn#SubjectPseudoIdentifier,TRUE
TRANSFERS,hadm_id,https://www.biomedit.ch/rdf/sphn-schema/sphn#AdministrativeCase,https://www.biomedit.ch/rdf/sphn-schema/sphn#AdministrativeCase,biomedit.ch/rdf/sphn-schema/sphn#AdministrativeCase,biomedit.ch/rdf/sphn-schema/sphn#AdministrativeCase,TRUE
TRANSFERS,icustay_id,https://www.biomedit.ch/rdf/sphn-schema/sphn#hasIdentifier,https://www.biomedit.ch/rdf/sphn-schema/sphn#SubjectPseudoIdentifier,biomedit.ch/rdf/sphn-schema/sphn#hasIdentifier,biomedit.ch/rdf/sphn-schema/sphn#SubjectPseudoIdentifier,FALSE
TRANSFERS,dbsource,https://www.biomedit.ch/rdf/sphn-schema/sphn#hasSourceData,https://www.biomedit.ch/rdf/sphn-schema/sphn#hasSourceData,biomedit.ch/rdf/sphn-schema/sphn#hasSourceData,biomedit.ch/rdf/sphn-schema/sphn#hasSourceData,TRUE
TRANSFERS,eventtype,https://www.biomedit.ch/rdf/sphn-schema/sphn#LabTestEvent,https://biomedit.ch/rdf/sphn-schema/sphn#hasTypeCode,biomedit.ch/rdf/sphn-schema/sphn#LabTestEvent,biomedit.ch/rdf/sphn-schema/sphn#hasTypeCode,FALSE
TRANSFERS,prev_careunit,https://www.biomedit.ch/rdf/sphn-schema/sphn#hasUnit,https://www.biomedit.ch/rdf/sphn-schema/sphn#hasUnit,biomedit.ch/rdf/sphn-schema/sphn#hasUnit,biomedit.ch/rdf/sphn-schema/sphn#hasUnit,TRUE
TRANSFERS,curr_careunit,https://www.biomedit.ch/rdf/sphn-schema/sphn#hasUnit,https://biomedit.ch/rdf/sphn-schema/sphn#hasUnit,biomedit.ch/rdf/sphn-schema/sphn#hasUnit,biomedit.ch/rdf/sphn-schema/sphn#hasUnit,TRUE
TRANSFERS,prev_wardid,https://www.biomedit.ch/rdf/sphn-schema/sphn#hasIdentifier,https://www.biomedit.ch/rdf/sphn-schema/sphn#hasIdentifier,biomedit.ch/rdf/sphn-schema/sphn#hasIdentifier,biomedit.ch/rdf/sphn-schema/sphn#hasIdentifier,TRUE
TRANSFERS,curr_wardid,https://www.biomedit.ch/rdf/sphn-schema/sphn#hasIdentifier,https://www.biomedit.ch/rdf/sphn-schema/sphn#hasIdentifier,biomedit.ch/rdf/sphn-schema/sphn#hasIdentifier,biomedit.ch/rdf/sphn-schema/sphn#hasIdentifier,TRUE
TRANSFERS,intime,https://www.biomedit.ch/rdf/sphn-schema/sphn#hasStartDateTime,https://biomedit.ch/rdf/sphn-schema/sphn#hasDateTime,biomedit.ch/rdf/sphn-schema/sphn#hasStartDateTime,biomedit.ch/rdf/sphn-schema/sphn#hasDateTime,FALSE
TRANSFERS,outtime,https://www.biomedit.ch/rdf/sphn-schema/sphn#hasEndDateTime,https://biomedit.ch/rdf/sphn-schema/sphn#hasDateTime,biomedit.ch/rdf/sphn-schema/sphn#hasEndDateTime,biomedit.ch/rdf/sphn-schema/sphn#hasDateTime,FALSE
TRANSFERS,los,,https://biomedit.ch/rdf/sphn-schema/sphn#hasDuration,,biomedit.ch/rdf/sphn-schema/sphn#hasDuration,FALSE